,station id,station name,station latitude,station longitude
0,493.0,W 45 St & 6 Ave,40.7568001,-73.98291153
1,3143.0,5 Ave & E 78 St,40.77632142182271,-73.96427392959595
2,317.0,E 6 St & Avenue B,40.72453734,-73.98185424
3,249.0,Harrison St & Hudson St,40.71870987,-74.0090009
4,3552.0,W 113 St & Broadway,40.805973,-73.964928
6,3507.0,Park Ave & E 124 St,40.8045555,-73.9396861
7,478.0,11 Ave & W 41 St,40.76030096,-73.99884222
8,514.0,12 Ave & W 40 St,40.76087502,-74.00277668
9,116.0,W 17 St & 8 Ave,40.74177603,-74.00149746
11,3434.0,W 88 St & West End Ave,40.79025417330419,-73.97718340158461
13,402.0,Broadway & E 22 St,40.7403432,-73.98955109
15,382.0,University Pl & E 14 St,40.73492695,-73.99200509
17,455.0,1 Ave & E 44 St,40.75001986,-73.96905301
20,523.0,W 38 St & 8 Ave,40.75466591,-73.99138152
21,358.0,Christopher St & Greenwich St,40.73291553,-74.00711384
23,393.0,E 5 St & Avenue C,40.72299208,-73.97995466
24,3244.0,University Pl & E 8 St,40.73143724085228,-73.99490341544151
26,3236.0,W 42 St & Dyer Ave,40.75898481399634,-73.99379968643188
28,377.0,6 Ave & Canal St,40.72243797,-74.00566443
29,440.0,E 45 St & 3 Ave,40.75255434,-73.97282625
30,3263.0,Cooper Square & Astor Pl,40.72951496224949,-73.99075269699097
32,3259.0,9 Ave & W 28 St,40.74937024193277,-73.99923384189606
35,3718.0,E 11 St & Avenue B,40.72746420692392,-73.97950418293476
37,303.0,Mercer St & Spring St,40.72362738,-73.99949601
40,3746.0,6 Ave & Broome St,40.724308321602166,-74.00473035871983
41,485.0,W 37 St & 5 Ave,40.75038009,-73.98338988
42,412.0,Forsyth St & Canal St,40.7158155,-73.99422366
43,3501.0,E 118 St & Madison Ave,40.8014866,-73.9442507
44,3656.0,E 2 St & Avenue A,40.72307749068673,-73.98583620786667
45,3697.0,W 64 St & Thelonious Monk Circle,40.77515953434235,-73.98918695747852
46,546.0,E 30 St & Park Ave S,40.74444921,-73.98303529
48,3707.0,Lexington Ave & E 26 St,40.741459,-73.983293
50,434.0,9 Ave & W 18 St,40.74317449,-74.00366443
57,291.0,Madison St & Montgomery St,40.713126,-73.984844
58,540.0,Lexington Ave & E 29 St,40.74311555376486,-73.98215353488922
59,489.0,10 Ave & W 28 St,40.75066386,-74.00176802
62,487.0,E 20 St & FDR Drive,40.73314259,-73.97573881
64,477.0,W 41 St & 8 Ave,40.75640548,-73.9900262
65,331.0,Pike St & Monroe St,40.71173107,-73.99193043
66,281.0,Grand Army Plaza & Central Park S,40.7643971,-73.97371465
67,492.0,W 33 St & 7 Ave,40.75019995,-73.99093085
69,3553.0,Frederick Douglass Blvd & W 112 St,40.801694,-73.957145
71,3628.0,Lenox Ave & W 117 St,40.8025566,-73.9490782
80,368.0,Carmine St & 6 Ave,40.73038599,-74.00214988
82,401.0,Allen St & Rivington St,40.72019576,-73.98997825
84,3687.0,E 33 St & 1 Ave,40.74322681432173,-73.97449783980846
86,435.0,W 21 St & 6 Ave,40.74173969,-73.99415556
89,503.0,E 20 St & Park Ave,40.73827428,-73.98751968
90,340.0,Madison St & Clinton St,40.71269042,-73.98776323
91,3260.0,Mercer St & Bleecker St,40.72706363348306,-73.99662137031554
92,252.0,MacDougal St & Washington Sq,40.73226398,-73.99852205
94,238.0,Bank St & Washington St,40.7361967,-74.00859207
95,528.0,2 Ave & E 31 St,40.74290902,-73.97706058
96,336.0,Sullivan St & Washington Sq,40.73047747,-73.99906065
98,3724.0,7 Ave & Central Park South,40.7667405590595,-73.9790689945221
99,439.0,E 4 St & 2 Ave,40.7262807,-73.98978041
104,494.0,W 26 St & 8 Ave,40.74734825,-73.99723551
106,403.0,E 2 St & 2 Ave,40.72502876,-73.99069656
108,405.0,Washington St & Gansevoort St,40.739323,-74.008119
113,349.0,Rivington St & Ridge St,40.71850211,-73.98329859
114,3711.0,E 13 St & Avenue A,40.72966729392978,-73.98067966103554
116,351.0,Front St & Maiden Ln,40.70530954,-74.00612572
119,426.0,West St & Chambers St,40.71754834,-74.01322069
120,284.0,Greenwich Ave & 8 Ave,40.7390169121,-74.0026376103
121,236.0,St Marks Pl & 2 Ave,40.7284186,-73.98713956
125,504.0,1 Ave & E 16 St,40.73221853,-73.98165557
126,490.0,8 Ave & W 33 St,40.751551,-73.993934
131,462.0,W 22 St & 10 Ave,40.74691959,-74.00451887
133,458.0,11 Ave & W 27 St,40.751396,-74.005226
136,3296.0,E 93 St & 2 Ave,40.782454175279874,-73.9489196240902
137,479.0,9 Ave & W 45 St,40.76019252,-73.9912551
138,3664.0,North Moore St & Greenwich St,40.72019521437465,-74.0103006362915
139,248.0,Laight St & Hudson St,40.72185379,-74.00771779
143,346.0,Bank St & Hudson St,40.73652889,-74.00618026
145,3255.0,8 Ave & W 31 St,40.7505853470215,-73.9946848154068
147,388.0,W 26 St & 10 Ave,40.749717753,-74.002950346
149,3459.0,E 53 St & 3 Ave,40.75763227739443,-73.96930575370789
150,468.0,Broadway & W 56 St,40.7652654,-73.98192338
155,151.0,Cleveland Pl & Spring St,40.722103786686034,-73.99724900722504
157,536.0,1 Ave & E 30 St,40.74144387,-73.97536082
158,339.0,Avenue D & E 12 St,40.72580614,-73.97422494
161,167.0,E 39 St & 3 Ave,40.7489006,-73.97604882
162,260.0,Broad St & Bridge St,40.70365182,-74.01167797
168,386.0,Centre St & Worth St,40.71494807,-74.00234482
170,3709.0,W 15 St & 6 Ave,40.738046142482766,-73.99642959237099
171,3142.0,1 Ave & E 62 St,40.7612274,-73.96094022
172,266.0,Avenue D & E 8 St,40.72368361,-73.97574813
175,3168.0,Central Park West & W 85 St,40.78472675,-73.96961715
178,516.0,E 47 St & 1 Ave,40.75206862,-73.96784384
181,3494.0,E 115 St & Lexington Ave,40.797911,-73.9423
184,501.0,FDR Drive & E 35 St,40.744219,-73.97121214
186,164.0,E 47 St & 2 Ave,40.75323098,-73.97032517
188,82.0,St James Pl & Pearl St,40.71117416,-74.00016545
189,507.0,E 25 St & 2 Ave,40.73912601,-73.97973776
190,472.0,E 32 St & Park Ave,40.7457121,-73.98194829
194,150.0,E 2 St & Avenue C,40.7208736,-73.98085795
195,3170.0,W 84 St & Columbus Ave,40.78499979,-73.97283406
201,326.0,E 11 St & 1 Ave,40.72953837,-73.98426726
205,461.0,E 20 St & 2 Ave,40.73587678,-73.98205027
208,2009.0,Catherine St & Monroe St,40.71117444,-73.99682619
210,362.0,Broadway & W 37 St,40.75172632,-73.98753523
214,254.0,W 11 St & 6 Ave,40.73532427,-73.99800419
218,453.0,W 22 St & 8 Ave,40.74475148,-73.99915362
219,359.0,E 47 St & Park Ave,40.75510267,-73.97498696
224,470.0,W 20 St & 8 Ave,40.74345335,-74.00004031
229,247.0,Perry St & Bleecker St,40.73535398,-74.00483091
230,3510.0,Adam Clayton Powell Blvd & W 123 St,40.8078316,-73.949373
234,525.0,W 34 St & 11 Ave,40.75594159,-74.0021163
245,146.0,Hudson St & Reade St,40.71625008,-74.0091059
246,161.0,LaGuardia Pl & W 3 St,40.72917025,-73.99810231
247,320.0,Leonard St & Church St,40.717571,-74.005549
253,2021.0,W 45 St & 8 Ave,40.75929124,-73.98859651
254,408.0,Market St & Cherry St,40.71076228,-73.99400398
255,515.0,W 43 St & 10 Ave,40.76009437,-73.99461843
256,307.0,Canal St & Rutgers St,40.71427487,-73.98990025
257,229.0,Great Jones St,40.72743423,-73.99379025
260,3360.0,Amsterdam Ave & W 79 St,40.7829391,-73.9786517
262,212.0,W 16 St & The High Line,40.74334935,-74.00681753
272,3328.0,W 100 St & Manhattan Ave,40.795,-73.9645
273,316.0,Fulton St & William St,40.70955958,-74.00653609
275,3425.0,2 Ave & E 104 St,40.7892105,-73.94370784
276,2003.0,1 Ave & E 18 St,40.73381219196632,-73.98054420948029
279,438.0,St Marks Pl & 1 Ave,40.72779126,-73.98564945
280,265.0,Stanton St & Chrystie St,40.72229346,-73.99147535
287,465.0,Broadway & W 41 St,40.75513557,-73.98658032
291,308.0,St James Pl & Oliver St,40.71307916,-73.99851193
293,2006.0,Central Park S & 6 Ave,40.76590936,-73.97634151
295,491.0,E 24 St & Park Ave S,40.74096374,-73.98602213
297,3285.0,W 87 St & Amsterdam Ave,40.78839,-73.9747
299,3148.0,E 84 St & 1 Ave,40.77565541,-73.95068615
304,3314.0,W 95 St & Broadway,40.7937704,-73.971888
308,319.0,Fulton St & Broadway,40.711066,-74.009447
310,3689.0,W 104 St & Amsterdam Ave,40.79904139288298,-73.96649479866028
312,422.0,W 59 St & 10 Ave,40.770513,-73.988038
315,361.0,Allen St & Hester St,40.71605866,-73.99190759
316,3518.0,Lenox Ave & W 126 St,40.808442,-73.9452087
319,519.0,Pershing Square North,40.751873,-73.977706
321,3504.0,E 123 St & Lexington Ave,40.8029263,-73.9379
324,3152.0,3 Ave & E 71 St,40.76873687,-73.96119945
325,3788.0,E 12 St & 4 Av,40.73269,-73.98974
328,293.0,Lafayette St & E 8 St,40.73020660529954,-73.99102628231049
331,529.0,W 42 St & 8 Ave,40.7575699,-73.99098507
335,3141.0,1 Ave & E 68 St,40.76500525,-73.95818491
336,3233.0,E 48 St & 5 Ave,40.75724567911726,-73.97805914282799
337,3357.0,W 106 St & Amsterdam Ave,40.8008363,-73.9664492472
339,296.0,Division St & Bowery,40.71413089,-73.9970468
347,3131.0,E 68 St & 3 Ave,40.76712840349542,-73.96224617958069
353,237.0,E 11 St & 2 Ave,40.73047309,-73.98672378
361,379.0,W 31 St & 7 Ave,40.749156,-73.9916
362,447.0,8 Ave & W 52 St,40.76370739,-73.9851615
364,369.0,Washington Pl & 6 Ave,40.73224119,-74.00026394
366,3749.0,Lexington Ave & E 36 St,40.7475739589548,-73.9788007736206
373,3002.0,South End Ave & Liberty St,40.711512,-74.015756
374,228.0,E 48 St & 3 Ave,40.7546011026,-73.971878855
375,3338.0,2 Ave & E 99 St,40.7862586,-73.94552579
376,427.0,Bus Slip & State St,40.701907,-74.013942
378,3150.0,E 85 St & York Ave,40.77536905,-73.94803392
381,411.0,E 6 St & Avenue D,40.72228087,-73.97668709
382,168.0,W 18 St & 6 Ave,40.73971301,-73.99456405
383,445.0,E 10 St & Avenue A,40.72740794,-73.98142006
384,3178.0,Riverside Dr & W 78 St,40.78414472,-73.98362492
388,3725.0,2 Ave & E 72 St,40.7687620293096,-73.95840793848038
389,3467.0,W Broadway & Spring Street,40.72494672359416,-74.00165855884552
390,3256.0,Pier 40 - Hudson River Park,40.7277140777778,-74.01129573583603
391,497.0,E 17 St & Broadway,40.73704984,-73.99009296
408,3177.0,W 84 St & Broadway,40.7867947,-73.977112
409,285.0,Broadway & E 14 St,40.73454567,-73.99074142
411,347.0,Greenwich St & W Houston St,40.728846,-74.008591
414,3492.0,E 118 St & Park Ave,40.8005385,-73.9419949
427,531.0,Forsyth St & Broome St,40.71893904,-73.99266288
431,473.0,Rivington St & Chrystie St,40.72110063,-73.9919254
445,454.0,E 51 St & 1 Ave,40.75455731,-73.96592976
447,3699.0,W 50 St & 9 Ave,40.76360467795863,-73.98917958140373
448,363.0,West Thames St,40.70834698,-74.01713445
451,3293.0,W 92 St & Broadway,40.7921,-73.9739
460,3283.0,W 89 St & Columbus Ave,40.7882213,-73.97041561
473,3547.0,Broadway & Moylan Pl,40.8143256,-73.9590255
479,305.0,E 58 St & 3 Ave,40.76095756,-73.96724467
489,3158.0,W 63 St & Broadway,40.77163851,-73.98261428
494,128.0,MacDougal St & Prince St,40.72710258,-74.00297088
501,3383.0,Cathedral Pkwy & Broadway,40.804213,-73.96699104
504,311.0,Norfolk St & Broome St,40.7172274,-73.98802084
510,301.0,E 2 St & Avenue B,40.72217444,-73.98368779
520,3712.0,W 35 St & Dyer Ave,40.754691750226016,-73.99740189313889
523,3737.0,Stanton St & Norfolk St,40.720747,-73.986274
530,3461.0,Murray St & Greenwich St,40.71485150526252,-74.01122331619263
539,195.0,Liberty St & Broadway,40.70905623,-74.01043382
553,312.0,Allen St & Stanton St,40.722055,-73.989111
555,3671.0,E 81 St & 2 Ave,40.77477944895728,-73.95427465438843
558,448.0,W 37 St & 10 Ave,40.75660359,-73.9979009
559,3508.0,St Nicholas Ave & Manhattan Ave,40.809725,-73.953149
562,3318.0,2 Ave & E 96 St,40.7839636,-73.9471673
569,3165.0,Central Park West & W 72 St,40.77579376683666,-73.9762057363987
571,3472.0,W 15 St & 10 Ave,40.74275382865903,-74.00747358798981
579,495.0,W 47 St & 10 Ave,40.76269882,-73.99301222
582,450.0,W 49 St & 8 Ave,40.76227205,-73.98788205
585,3443.0,W 52 St & 6 Ave,40.76132983124814,-73.97982001304626
591,499.0,Broadway & W 60 St,40.76915505,-73.98191841
598,3521.0,Lenox Ave & W 111 St,40.7987859,-73.9523
607,3435.0,Grand St & Elizabeth St,40.718822,-73.99596
614,257.0,Lispenard St & Broadway,40.71939226,-74.00247214
615,432.0,E 7 St & Avenue A,40.72621788,-73.98379855
617,3733.0,Avenue C & E 18 St,40.730563,-73.973984
630,3163.0,Central Park West & W 68 St,40.7734066,-73.97782542
642,3498.0,Pleasant Ave & E 120 St,40.7974772,-73.9311847
648,2008.0,Little West St & 1 Pl,40.70569254,-74.01677685
652,456.0,E 53 St & Madison Ave,40.7597108,-73.97402311
654,3527.0,5 Ave & E 126 St,40.80698,-73.941747
657,3541.0,Amsterdam Ave & W 125 St,40.813358,-73.956461
659,297.0,E 15 St & 3 Ave,40.734232,-73.986923
675,3305.0,E 91 St & 2 Ave,40.78112229934166,-73.94965589046478
727,3686.0,Gansevoort St & Hudson St,40.73944820130404,-74.00507032871246
737,3295.0,Central Park W & W 96 St,40.79127,-73.964839
740,328.0,Watts St & Greenwich St,40.72405549,-74.00965965
746,387.0,Centre St & Chambers St,40.71273266,-74.0046073
747,127.0,Barrow St & Hudson St,40.73172428,-74.00674436
776,3366.0,West End Ave & W 107 St,40.8021174,-73.9681805305
782,530.0,11 Ave & W 59 St,40.77149671054441,-73.99046033620834
788,459.0,W 20 St & 11 Ave,40.746745,-74.007756
789,325.0,E 19 St & 3 Ave,40.73624527,-73.98473765
796,3503.0,Madison Ave & E 120 St,40.80295,-73.942954
797,441.0,E 52 St & 2 Ave,40.756014,-73.967416
822,3134.0,3 Ave & E 62 St,40.76312584,-73.96526895
828,483.0,E 12 St & 3 Ave,40.73223272,-73.98889957
845,3390.0,E 109 St & 3 Ave,40.79329668,-73.9432083
848,3379.0,E 103 St & Lexington Ave,40.7903051,-73.94755757
868,3288.0,E 88 St & 1 Ave,40.778301,-73.9488134
884,480.0,W 53 St & 10 Ave,40.76669671,-73.99061728
887,295.0,Pike St & E Broadway,40.71406667,-73.99293911
890,3172.0,W 74 St & Columbus Ave,40.7785669,-73.97754961
893,350.0,Clinton St & Grand St,40.71559509,-73.9870295
899,3493.0,E 118 St & 3 Ave,40.799139,-73.9389152
903,476.0,E 31 St & 3 Ave,40.74394314,-73.97966069
921,3175.0,W 70 St & Amsterdam Ave,40.77748046,-73.98288594
923,3370.0,E 78 St & 2 Ave,40.7727966,-73.95577801
933,3427.0,Lafayette St & Jersey St,40.72430527250332,-73.99600982666016
945,484.0,W 44 St & 5 Ave,40.75500254,-73.98014437
948,3140.0,1 Ave & E 78 St,40.77140426,-73.9535166
958,3154.0,E 77 St & 3 Ave,40.77314236,-73.95856158
969,251.0,Mott St & Prince St,40.72317958,-73.99480012
971,376.0,John St & William St,40.70862144,-74.00722156
982,360.0,William St & Pine St,40.70717936,-74.00887308
984,3505.0,Lexington Ave & E 127 St,40.805726,-73.936322
993,276.0,Duane St & Greenwich St,40.71748752,-74.0104554
1002,3374.0,Central Park North & Adam Clayton Powell Blvd,40.799484,-73.955613
1006,3362.0,Madison Ave & E 82 St,40.7781314,-73.96069399
1018,3320.0,Central Park West & W 100 St,40.79406660818552,-73.96286845207214
1033,517.0,Pershing Square South,40.751581,-73.97791
1059,3169.0,Riverside Dr & W 82 St,40.78720869,-73.98128127
1068,3350.0,W 100 St & Broadway,40.7973721,-73.97041192
1073,355.0,Bayard St & Baxter St,40.71602118,-73.99974372
1074,3162.0,W 78 St & Broadway,40.78339981,-73.98093133
1103,268.0,Howard St & Centre St,40.71910537,-73.99973337
1117,309.0,Murray St & West St,40.7149787,-74.013012
1119,3463.0,E 16 St & Irving Pl,40.735367055605394,-73.98797392845154
1133,279.0,Peck Slip & Front St,40.707873,-74.00167
1159,335.0,Washington Pl & Broadway,40.72903917,-73.99404649
1165,3533.0,St. Nicholas Ave & W 126 St,40.8114323,-73.9518776
1176,3387.0,E 106 St & Madison Ave,40.7934337,-73.94945003
1177,330.0,Reade St & Broadway,40.71450451,-74.00562789
1182,3336.0,E 97 St & Madison Ave,40.787801,-73.953559
1195,423.0,W 54 St & 9 Ave,40.76584941,-73.98690506
1204,3155.0,Lexington Ave & E 63 St,40.76440023,-73.96648977
1208,3531.0,Frederick Douglass Blvd & W 129 St,40.8125511,-73.9492286
1226,315.0,South St & Gouverneur Ln,40.70355377,-74.00670227
1247,72.0,W 52 St & 11 Ave,40.76727216,-73.99392888
1253,3502.0,Lexington Ave & E 111 St,40.7954121,-73.9441232
1264,3675.0,3 Ave & E 95 St,40.78459679884892,-73.94968539476395
1265,3173.0,Riverside Blvd & W 67 St,40.777507027547976,-73.98888587951659
1273,3171.0,Amsterdam Ave & W 82 St,40.78524672,-73.97667321
1278,3160.0,Central Park West & W 76 St,40.77896784,-73.97374737
1289,533.0,Broadway & W 38 St,40.75299641,-73.98721619
1298,3622.0,E 128 St & Madison Ave,40.80756,-73.939182
1318,3649.0,W 129 St & Convent Ave,40.814394437915816,-73.95324736833572
1322,3294.0,E 91 St & Park Ave,40.7835016,-73.955327
1341,3535.0,Mt Morris Park W & W 120 St,40.804038,-73.945925
1346,534.0,Water - Whitehall Plaza,40.70255065,-74.0127234
1349,302.0,Avenue D & E 3 St,40.72082834,-73.97793172
1350,224.0,Spruce St & Nassau St,40.71146364,-74.00552427
1354,3156.0,E 72 St & York Ave,40.76663814,-73.95348296
1375,3331.0,Riverside Dr & W 104 St,40.8013434,-73.9711457439
1378,174.0,E 25 St & 1 Ave,40.7381765,-73.97738662
1382,3302.0,Columbus Ave & W 103 St,40.7969347,-73.9643412291
1408,508.0,W 46 St & 11 Ave,40.76341379,-73.99667444
1429,502.0,Henry St & Grand St,40.714215,-73.981346
1430,79.0,Franklin St & W Broadway,40.71911552,-74.00666661
1434,3630.0,Frederick Douglass Blvd & W 115 St,40.8038654,-73.9559308
1437,3372.0,E 74 St & 1 Ave,40.7689738,-73.95482273
1440,3783.0,Cliff St & Fulton St,40.70838,-74.00495
1460,466.0,W 25 St & 6 Ave,40.74395411,-73.99144871
1464,3496.0,1 Ave & E 110 St,40.7923272,-73.9383
1498,3166.0,Riverside Dr & W 72 St,40.78057799010334,-73.98562431335449
1504,3351.0,E 102 St & 1 Ave,40.7869946,-73.94164802
1506,3312.0,1 Ave & E 94 St,40.7817212,-73.94594
1508,520.0,W 52 St & 5 Ave,40.75992262,-73.97648516
1514,2022.0,E 60 St & York Ave,40.759107,-73.959223
1522,3400.0,E 110 St & Madison Ave,40.7961535,-73.94782145
1524,3159.0,W 67 St & Broadway,40.77492513,-73.98266566
1525,417.0,Barclay St & Church St,40.71291224,-74.01020234
1540,3167.0,Amsterdam Ave & W 73 St,40.77966809007312,-73.98093044757842
1543,3375.0,3 Ave & E 72 St,40.7699426,-73.96060712
1544,410.0,Suffolk St & Stanton St,40.72066442,-73.98517977
1551,3345.0,Madison Ave & E 99 St,40.78948541553215,-73.95242929458618
1552,3164.0,Columbus Ave & W 72 St,40.7770575,-73.97898475
1555,518.0,E 39 St & 2 Ave,40.74780373,-73.9734419
1565,3391.0,E 106 St & 1 Ave,40.7892529,-73.93956237
1566,342.0,Columbia St & Rivington St,40.71739973,-73.98016555
1568,3369.0,E 82 St & East End Ave,40.7724607,-73.9468208
1571,3137.0,5 Ave & E 73 St,40.77282817,-73.96685276
1588,3292.0,5 Ave & E 93 St,40.7857851,-73.957481
1603,3301.0,Columbus Ave & W 95 St,40.7919557,-73.968087
1621,545.0,E 23 St & 1 Ave,40.736502,-73.97809472
1632,3343.0,W 107 St & Columbus Ave,40.7997568,-73.9621128676
1655,332.0,Cherry St,40.71219906,-73.97948148
1686,2017.0,E 43 St & 2 Ave,40.75022392,-73.97121414
1700,3747.0,E 84 St & 3 Ave,40.77755374298887,-73.95512759685516
1703,3424.0,E 106 St & Lexington Ave,40.791976,-73.945993
1717,3290.0,E 89 St & York Ave,40.7779453,-73.946041
1747,3323.0,W 106 St & Central Park West,40.7981856,-73.9605909006
1753,3151.0,E 81 St & York Ave,40.7728384,-73.94989233
1764,264.0,Maiden Ln & Pearl St,40.70706456,-74.00731853
1767,3490.0,E 116 St & 2 Ave,40.796879,-73.937261
1776,3545.0,Broadway & W 122 St,40.8120562,-73.9612547
1777,3132.0,E 59 St & Madison Ave,40.76350532,-73.97109243
1815,3136.0,5 Ave & E 63 St,40.766368,-73.971518
1829,3536.0,W 116 St & Broadway,40.8082,-73.9641
1833,3286.0,E 89 St & 3 Ave,40.7806284,-73.9521667
1862,3161.0,W 76 St & Columbus Ave,40.7801839724239,-73.97728532552719
1866,3511.0,Adam Clayton Powell Blvd & W 115 St,40.802535,-73.9532423
1874,3135.0,E 75 St & 3 Ave,40.77112927,-73.95772297
1883,3734.0,E 58 St &  1 Ave (NW Corner),40.759125,-73.962658
1887,415.0,Pearl St & Hanover Square,40.7047177,-74.00926027
1893,3497.0,Pleasant Ave & E 116 St,40.7949879,-73.9333349
1895,474.0,5 Ave & E 29 St,40.7451677,-73.98683077
1917,3376.0,E 65 St & 2 Ave,40.76471851944339,-73.96222069859505
1937,486.0,Broadway & W 29 St,40.7462009,-73.98855723
1959,3680.0,E 43 St & 5 Ave,40.754120810779256,-73.98025184869766
1972,2012.0,E 27 St & 1 Ave,40.739445,-73.976806
1981,3243.0,E 58 St & 1 Ave (NE Corner),40.75892386377695,-73.96226227283478
2003,3363.0,E 102 St & Park Ave,40.7904828,-73.95033068
2021,3226.0,W 82 St & Central Park West,40.78275,-73.97137
2023,3499.0,2 Ave & E 122 St,40.8006721,-73.9349
2045,3146.0,E 81 St & 3 Ave,40.77573034,-73.9567526
2053,3538.0,W 110 St & Amsterdam Ave,40.802692,-73.96295
2085,3139.0,E 72 St & Park Ave,40.77118287540658,-73.96409422159195
2115,394.0,E 9 St & Avenue C,40.72521311,-73.97768752
2135,3367.0,5 Ave & E 103 St,40.7922553,-73.95249933
2145,3495.0,E 114 St & 1 Ave,40.7945663,-73.9362541
2151,3506.0,Lexington Ave & E 120 St,40.8013066,-73.9398167
2167,3359.0,E 68 St & Madison Ave,40.7691572,-73.96703464
2172,3551.0,3 Ave & E 112 St,40.795508,-73.941606
2188,3231.0,E 67 St & Park Ave,40.76780080148132,-73.96592080593109
2192,3157.0,East End Ave & E 86 St,40.77518615,-73.94446054
2226,469.0,Broadway & W 53 St,40.76344058,-73.98268129
2278,400.0,Pitt St & Stanton St,40.71926081,-73.98178024
2286,3289.0,W 90 St & Amsterdam Ave,40.79017948095081,-73.97288918495178
2301,3534.0,Frederick Douglass Blvd & W 117 St,40.805159,-73.954692
2335,3327.0,3 Ave & E 100 St,40.7877214,-73.94728331
2412,341.0,Stanton St & Mangin St,40.71782143,-73.97628939
2520,3708.0,W 13 St & 5 Ave,40.735445,-73.99431
2536,3307.0,West End Ave & W 94 St,40.7941654,-73.974124
2537,3284.0,E 88 St & Park Ave,40.781410700190015,-73.95595908164978
2561,3235.0,E 41 St & Madison Ave,40.752165280621966,-73.97992193698882
2571,173.0,Broadway & W 49 St,40.76068327096592,-73.9845272898674
2580,2023.0,E 55 St & Lexington Ave,40.75968085,-73.97031366
2685,3529.0,Lenox Ave & W 130 St,40.8107922,-73.9430681
2692,3341.0,Central Park West & W 102 St,40.795346,-73.96186
2706,3641.0,Broadway & W 25 St,40.74286877312112,-73.98918628692627
2722,259.0,South St & Whitehall St,40.70122128,-74.01234218
2763,526.0,E 33 St & 5 Ave,40.74765947,-73.98490707
2830,327.0,Vesey Pl & River Terrace,40.7153379,-74.01658354
2858,3145.0,E 84 St & Park Ave,40.77862688,-73.95772073
2912,3623.0,W 120 St & Claremont Ave,40.8109494,-73.9634
3064,3690.0,Park Pl & Church St,40.71334184275907,-74.00935515761375
3069,496.0,E 16 St & 5 Ave,40.73726186,-73.99238967
3158,3309.0,E 97 St & 3 Ave,40.7859201,-73.94860294
3191,3500.0,E 115 St & Madison Ave,40.7989445,-73.944846
3202,337.0,Old Slip & Front St,40.7037992,-74.00838676
3206,522.0,E 51 St & Lexington Ave,40.75714758,-73.97207836
3265,482.0,W 15 St & 7 Ave,40.73935542,-73.99931783
3308,356.0,Bialystoker Pl & Delancey St,40.71622644,-73.98261206
3557,500.0,Broadway & W 51 St,40.76228826,-73.98336183
3592,3539.0,W 116 St & Amsterdam Ave,40.8067581,-73.9607082
3779,3543.0,Morningside Dr & Amsterdam Ave,40.81028506306003,-73.95736455917358
3893,304.0,Broadway & Battery Pl,40.70463334,-74.01361706
4356,3437.0,Riverside Dr & W 91 St,40.79313480986663,-73.97700369358063
4540,3356.0,Amsterdam Ave & W 66 St,40.7746671,-73.98470567
4565,3378.0,E 76 St & Park Ave,40.773763,-73.96222088
6417,3520.0,Adam Clayton Powell Blvd & W 118 St,40.804372,-73.951475
6818,3355.0,E 66 St & Madison Ave,40.76800889305947,-73.96845281124115
6990,3542.0,Amsterdam Ave & W 119 St,40.8086249,-73.9596214
7173,3441.0,10 Hudson Yards,40.752957,-74.00264
8263,3793.0,Stuyvesant Walk & 1 Av Loop,40.732339777151054,-73.97898383438587
8762,3509.0,Lenox Ave & W 115 St,40.8011939,-73.9500739
9063,3254.0,Soissons Landing,40.69231660719192,-74.01486575603485
10495,3540.0,Morningside Ave & W 123 St,40.81,-73.9551508
11197,3629.0,Adam Clayton Powell Blvd & W 126 St,40.80949534777948,-73.94776493310928
14450,280.0,E 10 St & 5 Ave,40.73331967,-73.99510132
14528,334.0,W 20 St & 7 Ave,40.74238787,-73.99726235
15643,3299.0,E 98 St & Park Ave,40.78813,-73.95206
17479,446.0,W 24 St & 7 Ave,40.74487634,-73.99529885
20124,383.0,Greenwich Ave & Charles St,40.735238,-74.000271
20355,442.0,W 27 St & 7 Ave,40.746647,-73.993915
22355,3479.0,Picnic Point,40.68512559515415,-74.02535319328308
22969,223.0,W 13 St & 7 Ave,40.73781509,-73.99994661
23283,505.0,6 Ave & W 33 St,40.74901271,-73.98848395
24549,380.0,W 4 St & 7 Ave S,40.73401143,-74.00293877
25344,3182.0,Yankee Ferry Terminal,40.686931,-74.016966
29340,3491.0,E 118 St & 1 Ave,40.79747,-73.93504
43479,3282.0,5 Ave & E 88 St,40.78307,-73.95939
184936,513.0,W 56 St & 10 Ave,40.768254,-73.988639
314103,267.0,Broadway & W 36 St,40.75097711,-73.98765428
1031320,3245.0,NYCBS DEPOT - DELANCEY,40.71644423134479,-73.9823305606842
1317341,3240.0,NYCBS Depot BAL - DYR,40.759030082196055,-73.99385869503021
1198,3798.0,W 40 St & 5 Ave,40.752269,-73.982079
1777,3799.0,6 Ave & W 34 St,40.74964,-73.98805
1467245,498.0,Broadway & W 32 St,40.74854862,-73.98808416
