,station id,station name,station latitude,station longitude
0,545,E 23 St & 1 Ave,40.736502,-73.97809472
1,238,Bank St & Washington St,40.7361967,-74.00859207
2,223,W 13 St & 7 Ave,40.73781509,-73.99994661
3,224,Spruce St & Nassau St,40.71146364,-74.00552427
4,346,Bank St & Hudson St,40.73652889,-74.00618026
6,501,FDR Drive & E 35 St,40.744219,-73.97121214
7,475,E 16 St & Irving Pl,40.73524276,-73.98758561
8,469,Broadway & W 53 St,40.76344058,-73.98268129
9,320,Leonard St & Church St,40.717571,-74.005549
11,500,Broadway & W 51 St,40.76228826,-73.98336183
13,382,University Pl & E 14 St,40.73492695,-73.99200509
14,438,St Marks Pl & 1 Ave,40.72779126,-73.98564945
15,504,1 Ave & E 15 St,40.73221853,-73.98165557
16,540,Lexington Ave & E 26 St,40.74147286,-73.98320928
18,317,E 6 St & Avenue B,40.72453734,-73.98185424
19,450,W 49 St & 8 Ave,40.76227205,-73.98788205
20,195,Liberty St & Broadway,40.70905623,-74.01043382
22,252,MacDougal St & Washington Sq,40.73226398,-73.99852205
24,489,10 Ave & W 28 St,40.75066386,-74.00176802
27,128,MacDougal St & Prince St,40.72710258,-74.00297088
28,519,E 42 St & Vanderbilt Ave,40.752416,-73.97837
30,499,Broadway & W 60 St,40.76915505,-73.98191841
31,236,St Marks Pl & 2 Ave,40.7284186,-73.98713956
32,329,Greenwich St & N Moore St,40.72043411,-74.01020609
33,511,E 14 St & Avenue B,40.72938685,-73.97772429
34,127,Barrow St & Hudson St,40.73172428,-74.00674436
35,454,E 51 St & 1 Ave,40.75455731,-73.96592976
36,297,E 15 St & 3 Ave,40.734232,-73.986923
37,402,Broadway & E 22 St,40.7403432,-73.98955109
39,487,E 20 St & FDR Drive,40.73314259,-73.97573881
40,507,E 25 St & 2 Ave,40.73912601,-73.97973776
41,294,Washington Square E,40.73049393,-73.9957214
42,534,Water - Whitehall Plaza,40.70255065,-74.0127234
43,514,12 Ave & W 40 St,40.76087502,-74.00277668
45,387,Centre St & Chambers St,40.71273266,-74.0046073
46,146,Hudson St & Reade St,40.71625008,-74.0091059
47,307,Canal St & Rutgers St,40.71427487,-73.98990025
48,251,Mott St & Prince St,40.72317958,-73.99480012
49,405,Washington St & Gansevoort St,40.739323,-74.008119
50,305,E 58 St & 3 Ave,40.76095756,-73.96724467
51,482,W 15 St & 7 Ave,40.73935542,-73.99931783
53,529,W 42 St & 8 Ave,40.7575699,-73.99098507
54,360,William St & Pine St,40.70717936,-74.00887308
56,479,9 Ave & W 45 St,40.76019252,-73.9912551
57,490,8 Ave & W 33 St,40.751551,-73.993934
59,348,W Broadway & Spring St,40.72490985,-74.00154702
63,401,Allen St & Rivington St,40.72019576,-73.98997825
64,515,W 43 St & 10 Ave,40.76009437,-73.99461843
65,147,Greenwich St & Warren St,40.71542197,-74.01121978
66,300,Shevchenko Pl & E 7 St,40.728145,-73.990214
67,459,W 20 St & 11 Ave,40.746745,-74.007756
72,368,Carmine St & 6 Ave,40.73038599,-74.00214988
74,328,Watts St & Greenwich St,40.72405549,-74.00965965
75,355,Bayard St & Baxter St,40.71602118,-73.99974372
77,525,W 34 St & 11 Ave,40.75594159,-74.0021163
80,285,Broadway & E 14 St,40.73454567,-73.99074142
83,336,Sullivan St & Washington Sq,40.73047747,-73.99906065
86,435,W 21 St & 6 Ave,40.74173969,-73.99415556
87,448,W 37 St & 10 Ave,40.75660359,-73.9979009
88,237,E 11 St & 2 Ave,40.73047309,-73.98672378
90,260,Broad St & Bridge St,40.70365182,-74.01167797
91,369,Washington Pl & 6 Ave,40.73224119,-74.00026394
92,2009,Catherine St & Monroe St,40.71117444,-73.99682619
93,312,Allen St & E Houston St,40.722055,-73.989111
96,2021,W 45 St & 8 Ave,40.75929124,-73.98859651
97,432,E 7 St & Avenue A,40.72621788,-73.98379855
99,480,W 53 St & 10 Ave,40.76669671,-73.99061728
101,492,W 33 St & 7 Ave,40.75019995,-73.99093085
103,345,W 13 St & 6 Ave,40.73649403,-73.99704374
104,536,1 Ave & E 30 St,40.74144387,-73.97536082
105,527,E 33 St & 1 Ave,40.74315566,-73.97434726
106,2010,Grand St & Greene St,40.72165481,-74.00234737
108,440,E 45 St & 3 Ave,40.75255434,-73.97282625
114,483,E 12 St & 3 Ave,40.73223272,-73.98889957
115,458,11 Ave & W 27 St,40.751396,-74.005226
117,284,Greenwich Ave & 8 Ave,40.7390169121,-74.0026376103
119,444,Broadway & W 24 St,40.7423543,-73.98915076
120,161,LaGuardia Pl & W 3 St,40.72917025,-73.99810231
123,264,Maiden Ln & Pearl St,40.70706456,-74.00731853
124,434,9 Ave & W 18 St,40.74317449,-74.00366443
125,257,Lispenard St & Broadway,40.71939226,-74.00247214
126,417,Barclay St & Church St,40.71291224,-74.01020234
127,528,2 Ave & E 31 St,40.74290902,-73.97706058
128,517,E 41 St & Madison Ave,40.752141,-73.979782
129,526,E 33 St & 5 Ave,40.74765947,-73.98490707
130,268,Howard St & Centre St,40.71910537,-73.99973337
131,293,Lafayette St & E 8 St,40.73028666,-73.9907647
132,304,Broadway & Battery Pl,40.70463334,-74.01361706
134,296,Division St & Bowery,40.71413089,-73.9970468
135,380,W 4 St & 7 Ave S,40.73401143,-74.00293877
136,476,E 31 St & 3 Ave,40.74394314,-73.97966069
137,494,W 26 St & 8 Ave,40.74734825,-73.99723551
139,428,E 3 St & 1 Ave,40.72467721,-73.98783413
140,385,E 55 St & 2 Ave,40.75797322,-73.96603308
141,332,Cherry St,40.71219906,-73.97948148
142,311,Norfolk St & Broome St,40.7172274,-73.98802084
143,249,Harrison St & Hudson St,40.71870987,-74.0090009
144,449,W 52 St & 9 Ave,40.76461837,-73.98789473
146,426,West St & Chambers St,40.71754834,-74.01322069
150,2023,E 55 St & Lexington Ave,40.75968085,-73.97031366
152,352,W 56 St & 6 Ave,40.76340613,-73.97722479
154,375,Mercer St & Bleecker St,40.72679454,-73.99695094
156,497,E 17 St & Broadway,40.73704984,-73.99009296
158,247,Perry St & Bleecker St,40.73535398,-74.00483091
159,306,Cliff St & Fulton St,40.70823502,-74.00530063
160,531,Forsyth St & Broome St,40.71893904,-73.99266288
161,318,E 43 St & Vanderbilt Ave,40.75320159,-73.9779874
163,439,E 4 St & 2 Ave,40.7262807,-73.98978041
166,2012,E 27 St & 1 Ave,40.739445,-73.976806
167,265,Stanton St & Chrystie St,40.72229346,-73.99147535
168,546,E 30 St & Park Ave S,40.74444921,-73.98303529
171,174,E 25 St & 1 Ave,40.7381765,-73.97738662
174,477,W 41 St & 8 Ave,40.75640548,-73.9900262
178,473,Rivington St & Chrystie St,40.72110063,-73.9919254
179,337,Old Slip & Front St,40.7037992,-74.00838676
181,362,Broadway & W 37 St,40.75172632,-73.98753523
186,478,11 Ave & W 41 St,40.76030096,-73.99884222
187,523,W 38 St & 8 Ave,40.75466591,-73.99138152
195,521,8 Ave & W 31 St,40.75044999,-73.99481051
199,358,Christopher St & Greenwich St,40.73291553,-74.00711384
200,466,W 25 St & 6 Ave,40.74395411,-73.99144871
204,225,W 14 St & The High Line,40.74195138,-74.00803013
206,72,W 52 St & 11 Ave,40.76727216,-73.99392888
209,334,W 20 St & 7 Ave,40.74238787,-73.99726235
210,330,Reade St & Broadway,40.71450451,-74.00562789
215,468,Broadway & W 55 St,40.7652654,-73.98192338
218,404,9 Ave & W 14 St,40.7405826,-74.00550867
219,505,6 Ave & W 33 St,40.74901271,-73.98848395
222,509,9 Ave & W 22 St,40.7454973,-74.00197139
223,2004,6 Ave & Broome St,40.724399,-74.004704
227,379,W 31 St & 7 Ave,40.749156,-73.9916
228,276,Duane St & Greenwich St,40.71748752,-74.0104554
229,508,W 46 St & 11 Ave,40.76341379,-73.99667444
234,291,Madison St & Montgomery St,40.713126,-73.984844
237,173,Broadway & W 49 St,40.76064679,-73.98442659
243,472,E 32 St & Park Ave,40.7457121,-73.98194829
246,331,Pike St & Monroe St,40.71173107,-73.99193043
247,280,E 10 St & 5 Ave,40.73331967,-73.99510132
248,411,E 6 St & Avenue D,40.72228087,-73.97668709
249,2008,Little West St & 1 Pl,40.70569254,-74.01677685
262,316,Fulton St & William St,40.70955958,-74.00653609
271,457,Broadway & W 58 St,40.76695317,-73.98169333
279,164,E 47 St & 2 Ave,40.75323098,-73.97032517
281,82,St James Pl & Pearl St,40.71117416,-74.00016545
282,301,E 2 St & Avenue B,40.72217444,-73.98368779
283,383,Greenwich Ave & Charles St,40.735238,-74.000271
293,79,Franklin St & W Broadway,40.71911552,-74.00666661
294,394,E 9 St & Avenue C,40.72521311,-73.97768752
297,116,W 17 St & 8 Ave,40.74177603,-74.00149746
298,151,Cleveland Pl & Spring St,40.7218158,-73.99720307
299,250,Lafayette St & Jersey St,40.72456089,-73.99565293
309,461,E 20 St & 2 Ave,40.73587678,-73.98205027
314,496,E 16 St & 5 Ave,40.73726186,-73.99238967
315,2022,E 59 St & Sutton Pl,40.75849116,-73.95920622
331,340,Madison St & Clinton St,40.71269042,-73.98776323
332,212,W 16 St & The High Line,40.74334935,-74.00681753
334,470,W 20 St & 8 Ave,40.74345335,-74.00004031
340,493,W 45 St & 6 Ave,40.7568001,-73.98291153
341,326,E 11 St & 1 Ave,40.72953837,-73.98426726
356,367,E 53 St & Lexington Ave,40.75828065,-73.97069431
357,442,W 27 St & 7 Ave,40.746647,-73.993915
371,446,W 24 St & 7 Ave,40.74487634,-73.99529885
372,228,E 48 St & 3 Ave,40.7546011026,-73.971878855
374,433,E 13 St & Avenue A,40.72955361,-73.98057249
384,498,Broadway & W 32 St,40.74854862,-73.98808416
388,3002,South End Ave & Liberty St,40.711512,-74.015756
394,281,Grand Army Plaza & Central Park S,40.7643971,-73.97371465
395,412,Forsyth St & Canal St,40.7158155,-73.99422366
408,447,8 Ave & W 52 St,40.76370739,-73.9851615
414,263,Elizabeth St & Hester St,40.71729,-73.996375
426,465,Broadway & W 41 St,40.75513557,-73.98658032
431,502,Henry St & Grand St,40.714215,-73.981346
442,463,9 Ave & W 16 St,40.74206539,-74.00443172
444,351,Front St & Maiden Ln,40.70530954,-74.00612572
445,342,Columbia St & Rivington St,40.71739973,-73.98016555
446,445,E 10 St & Avenue A,40.72740794,-73.98142006
462,295,Pike St & E Broadway,40.71406667,-73.99293911
467,516,E 47 St & 1 Ave,40.75206862,-73.96784384
470,455,1 Ave & E 44 St,40.75001986,-73.96905301
486,518,E 39 St & 2 Ave,40.74780373,-73.9734419
491,153,E 40 St & 5 Ave,40.752062307,-73.9816324043
499,510,W 51 St & 6 Ave,40.7606597,-73.98042047
502,350,Clinton St & Grand St,40.71559509,-73.9870295
503,537,Lexington Ave & E 24 St,40.74025878,-73.98409214
504,361,Allen St & Hester St,40.71605866,-73.99190759
529,363,West Thames St,40.70834698,-74.01713445
532,152,Warren St & Church St,40.71473993,-74.00910627
533,423,W 54 St & 9 Ave,40.76584941,-73.98690506
535,400,Pitt St & Stanton St,40.71926081,-73.98178024
551,488,W 39 St & 9 Ave,40.75645824,-73.99372222
554,422,W 59 St & 10 Ave,40.770513,-73.988038
561,512,W 29 St & 9 Ave,40.7500727,-73.99839279
570,341,Stanton St & Mangin St,40.71782143,-73.97628939
585,491,E 24 St & Park Ave S,40.74096374,-73.98602213
587,308,St James Pl & Oliver St,40.71307916,-73.99851193
589,150,E 2 St & Avenue C,40.7208736,-73.98085795
599,486,Broadway & W 29 St,40.7462009,-73.98855723
607,327,Vesey Pl & River Terrace,40.7153379,-74.01658354
626,462,W 22 St & 10 Ave,40.74691959,-74.00451887
627,376,John St & William St,40.70862144,-74.00722156
632,495,W 47 St & 10 Ave,40.76269882,-73.99301222
655,229,Great Jones St,40.72743423,-73.99379025
694,464,E 56 St & 3 Ave,40.75934501,-73.96759673
710,415,Pearl St & Hanover Square,40.7047177,-74.00926027
719,485,W 37 St & 5 Ave,40.75038009,-73.98338988
720,2003,1 Ave & E 18 St,40.73416059,-73.98024289
730,267,Broadway & W 36 St,40.75097711,-73.98765428
735,513,W 56 St & 10 Ave,40.768254,-73.988639
743,403,E 2 St & 2 Ave,40.72502876,-73.99069656
758,347,W Houston St & Hudson St,40.72873888,-74.00748842
783,325,E 19 St & 3 Ave,40.73624527,-73.98473765
799,302,Avenue D & E 3 St,40.72082834,-73.97793172
822,533,Broadway & W 39 St,40.75299641,-73.98721619
827,520,W 52 St & 5 Ave,40.75992262,-73.97648516
886,319,Park Pl & Church St,40.71336124,-74.00937622
907,410,Suffolk St & Stanton St,40.72066442,-73.98517977
933,349,Rivington St & Ridge St,40.71850211,-73.98329859
942,359,E 47 St & Park Ave,40.75510267,-73.97498696
969,315,South St & Gouverneur Ln,40.70355377,-74.00670227
974,167,E 39 St & 3 Ave,40.7489006,-73.97604882
981,168,W 18 St & 6 Ave,40.73971301,-73.99456405
1004,441,E 52 St & 2 Ave,40.756014,-73.967416
1033,474,5 Ave & E 29 St,40.7451677,-73.98683077
1037,2006,Central Park S & 6 Ave,40.76590936,-73.97634151
1060,393,E 5 St & Avenue C,40.72299208,-73.97995466
1068,456,E 53 St & Madison Ave,40.7597108,-73.97402311
1071,530,11 Ave & W 59 St,40.771522,-73.990541
1107,290,2 Ave & E 58 St,40.76020258,-73.96478473
1192,259,South St & Whitehall St,40.70122128,-74.01234218
1237,453,W 22 St & 8 Ave,40.74475148,-73.99915362
1342,538,W 49 St & 5 Ave,40.75795248,-73.97787642
1363,2017,E 43 St & 2 Ave,40.75022392,-73.97121414
1381,522,E 51 St & Lexington Ave,40.75714758,-73.97207836
1424,388,W 26 St & 10 Ave,40.749717753,-74.002950346
1438,339,Avenue D & E 12 St,40.72580614,-73.97422494
1525,248,Laight St & Hudson St,40.72185379,-74.00771779
1544,377,6 Ave & Canal St,40.72243797,-74.00566443
1640,335,Washington Pl & Broadway,40.72903917,-73.99404649
1733,356,Bialystoker Pl & Delancey St,40.71622644,-73.98261206
1914,266,Avenue D & E 8 St,40.72368361,-73.97574813
1998,279,Peck Slip & Front Street,40.707873,-74.00167
2146,160,E 37 St & Lexington Ave,40.748238,-73.978311
2404,386,Centre St & Worth St,40.71494807,-74.00234482
2410,484,W 44 St & 5 Ave,40.75500254,-73.98014437
2502,408,Market St & Cherry St,40.71076228,-73.99400398
2643,427,Bus Slip & State St,40.701907,-74.013942
3809,357,E 11 St & Broadway,40.73261787,-73.99158043
4114,303,Mercer St & Spring St,40.72362738,-73.99949601
5548,137,E 56 St & Madison Ave,40.761628,-73.972924
14803,309,Murray St & West St,40.7149787,-74.013012
